REF,TYPE,ADDR,,,,,
17016,FAX,208-459-0701,,,,,
20005,FAX,208-465-1735,,,,,
20006,FAX,208-466-7859,,,,,
20016,FAX,208-336-2222,,,,,
20020,FAX,208-888-3825,,,,,
20027,FAX,208-327-0676,,,,,
20034,FAX,208-938-1393,,,,,
20035,FAX,208-853-1312,,,,,
20046,FAX,208-342-6772,,,,,
20051,FAX,208-375-1606,,,,,
20055,FAX,208-375-7439,,,,,
20075,FAX,208-342-3515,,,,,
20076,FAX,208-345-7939,,,,,
20079,FAX,208-322-4857,,,,,
20090,FAX,208-389-2290,,,,,
23950,FAX,208-336-2222,,,,,
71925,FAX,208-342-3515,,,,,
20084,fax,208-322-5301,,,,,
20028,FAX,208-672-0027,,,,,
20032,FAX,208-853-8648,,,,,
,,,,,,,
